title,company,location,job_type
Senior Python Developer,"Payne, Roberts and Davis","Stewartbury, AA",Full-time
Energy engineer,Vasquez-Davidson,"Christopherville, AA",Full-time
Legal executive,"Jackson, Chambers and Levy","Port Ericaburgh, AA",Full-time
Fitness centre manager,Savage-Bradley,"East Seanview, AP",Full-time
Product manager,Ramirez Inc,"North Jamieview, AP",Full-time
Medical technical officer,Rogers-Yates,"Davidville, AP",Full-time
Physiological scientist,Kramer-Klein,"South Christopher, AE",Full-time
Textile designer,Meyers-Johnson,"Port Jonathan, AE",Full-time
Television floor manager,Hughes-Williams,"Osbornetown, AE",Full-time
Waste management officer,"Jones, Williams and Villa","Scotttown, AP",Full-time
Software Engineer (Python),Garcia PLC,"Ericberg, AE",Full-time
Interpreter,Gregory and Sons,"Ramireztown, AE",Full-time
Architect,"Clark, Garcia and Sosa","Figueroaview, AA",Full-time
Meteorologist,Bush PLC,"Kelseystad, AA",Full-time
Audiological scientist,Salazar-Meyers,"Williamsburgh, AE",Full-time
English as a second language teacher,"Parker, Murphy and Brooks","Mitchellburgh, AE",Full-time
Surgeon,Cruz-Brown,"West Jessicabury, AA",Full-time
Equities trader,Macdonald-Ferguson,"Maloneshire, AE",Full-time
Newspaper journalist,"Williams, Peterson and Rojas","Johnsonton, AA",Full-time
Materials engineer,Smith and Sons,"South Davidtown, AP",Full-time
Python Programmer (Entry-Level),"Moss, Duncan and Allen","Port Sara, AE",Full-time
Product/process development scientist,Gomez-Carroll,"Marktown, AA",Full-time
"Scientist, research (maths)","Manning, Welch and Herring","Laurenland, AE",Full-time
Ecologist,"Lee, Gutierrez and Brown","Lauraton, AP",Full-time
Materials engineer,"Davis, Serrano and Cook","South Tammyberg, AP",Full-time
Historic buildings inspector/conservation officer,Smith LLC,"North Brandonville, AP",Full-time
Data scientist,Thomas Group,"Port Robertfurt, AA",Full-time
Psychiatrist,Silva-King,"Burnettbury, AE",Full-time
Structural engineer,Pierce-Long,"Herbertside, AA",Full-time
Immigration officer,Walker-Simpson,"Christopherport, AP",Full-time
Python Programmer (Entry-Level),Cooper and Sons,"West Victor, AE",Full-time
Neurosurgeon,"Donovan, Gonzalez and Figueroa","Port Aaron, AP",Full-time
Broadcast engineer,"Morgan, Butler and Bennett","Loribury, AA",Full-time
Make,Snyder-Lee,"Angelastad, AP",Full-time
"Nurse, adult",Harris PLC,"Larrytown, AE",Full-time
Air broker,Washington PLC,"West Colin, AP",Full-time
"Editor, film/video","Brown, Price and Campbell","West Stephanie, AP",Full-time
"Production assistant, radio",Mcgee PLC,"Laurentown, AP",Full-time
"Engineer, communications",Dixon Inc,"Wrightberg, AP",Full-time
Sales executive,"Thompson, Sheppard and Ward","Alberttown, AE",Full-time
Software Developer (Python),Adams-Brewer,"Brockburgh, AE",Full-time
Futures trader,Schneider-Brady,"North Jason, AE",Full-time
Tour manager,Gonzales-Frank,"Arnoldhaven, AE",Full-time
Cytogeneticist,Smith-Wong,"Lake Destiny, AP",Full-time
"Designer, multimedia",Pierce-Herrera,"South Timothyburgh, AP",Full-time
Trade union research officer,"Aguilar, Rivera and Quinn","New Jimmyton, AE",Full-time
"Chemist, analytical","Lowe, Barnes and Thomas","New Lucasbury, AP",Full-time
"Programmer, multimedia","Lewis, Gonzalez and Vasquez","Port Cory, AE",Full-time
"Engineer, broadcasting (operations)",Taylor PLC,"Gileston, AA",Full-time
"Teacher, primary school","Oliver, Jones and Ramirez","Cindyshire, AA",Full-time
Python Developer,Rivera and Sons,"East Michaelfort, AA",Full-time
Manufacturing systems engineer,Garcia PLC,"Joybury, AE",Full-time
"Producer, television/film/video","Johnson, Wells and Kramer","Emmatown, AE",Full-time
"Scientist, forensic",Gonzalez LLC,"Colehaven, AP",Full-time
Bonds trader,"Morgan, White and Macdonald","Port Coryton, AE",Full-time
Editorial assistant,Robinson-Fitzpatrick,"Amyborough, AA",Full-time
Photographer,"Waters, Wilson and Hoover","Reynoldsville, AA",Full-time
Retail banker,Hill LLC,"Port Billy, AP",Full-time
Jewellery designer,Li-Gregory,"Adamburgh, AA",Full-time
Ophthalmologist,"Fisher, Ryan and Coleman","Wilsonmouth, AA",Full-time
"Back-End Web Developer (Python, Django)",Stewart-Alexander,"South Kimberly, AA",Full-time
Licensed conveyancer,Abbott and Sons,"Benjaminland, AP",Full-time
Futures trader,"Bryant, Santana and Davenport","Zacharyport, AA",Full-time
Counselling psychologist,Smith PLC,"Port Devonville, AE",Full-time
Insurance underwriter,Patterson-Singh,"East Thomas, AE",Full-time
"Engineer, automotive",Martinez-Berry,"New Jeffrey, AP",Full-time
"Producer, radio","May, Taylor and Fisher","Davidside, AA",Full-time
Dispensing optician,"Bailey, Owen and Thompson","Jamesville, AA",Full-time
"Designer, fashion/clothing",Vasquez Ltd,"New Kelly, AP",Full-time
Chartered loss adjuster,Leblanc LLC,"Lake Antonio, AA",Full-time
"Back-End Web Developer (Python, Django)","Jackson, Ali and Mckee","New Elizabethside, AA",Full-time
Forest/woodland manager,"Blankenship, Knight and Powell","Millsbury, AE",Full-time
Clinical cytogeneticist,"Patton, Haynes and Jones","Lloydton, AP",Full-time
Print production planner,Wood Inc,"Port Jeremy, AA",Full-time
Systems developer,Collins Group,"New Elizabethtown, AA",Full-time
Graphic designer,Flores-Nelson,"Charlesstad, AE",Full-time
Writer,"Mitchell, Jones and Olson","Josephbury, AE",Full-time
Field seismologist,Howard Group,"Seanfurt, AA",Full-time
Chief Strategy Officer,Kramer-Edwards,"Williambury, AA",Full-time
Air cabin crew,Berry-Houston,"South Jorgeside, AP",Full-time
Python Programmer (Entry-Level),Mathews Inc,"Robertborough, AP",Full-time
Warden/ranger,Riley-Johnson,"South Saratown, AP",Full-time
Sports therapist,Spencer and Sons,"Hullview, AA",Full-time
Arts development officer,Camacho-Sanchez,"Philipland, AP",Full-time
Printmaker,Oliver and Sons,"North Patty, AE",Full-time
Health and safety adviser,Eaton PLC,"North Stephen, AE",Full-time
Manufacturing systems engineer,Stanley-Frederick,"Stevensland, AP",Full-time
"Programmer, applications",Bradley LLC,"Reyesstad, AE",Full-time
Medical physicist,"Parker, Goodwin and Zavala","Bellberg, AP",Full-time
Media planner,Kim-Miles,"North Johnland, AE",Full-time
Software Developer (Python),Moreno-Rodriguez,"Martinezburgh, AE",Full-time
"Surveyor, land/geomatics",Brown-Ortiz,"Joshuatown, AE",Full-time
Legal executive,Hartman PLC,"West Ericstad, AA",Full-time
"Librarian, academic",Brooks Inc,"Tuckertown, AE",Full-time
Barrister,Washington-Castillo,"Perezton, AE",Full-time
Museum/gallery exhibitions officer,"Nguyen, Yoder and Petty","Lake Abigail, AE",Full-time
"Radiographer, diagnostic",Holder LLC,"Jacobshire, AP",Full-time
Database administrator,Yates-Ferguson,"Port Susan, AE",Full-time
Furniture designer,Ortega-Lawrence,"North Tiffany, AA",Full-time
Ship broker,"Fuentes, Walls and Castro","Michelleville, AP",Full-time
